spectral_type,phase,group,refines,fraction_of_body
B,kamacite,metal,nickel-iron,0.0089
B,taenite,metal,nickel-iron,0.0011
B,olivine,silicate,olivine,0.015
B,phyllosilicates,silicate,phyllosilicates,0.285
B,carbon,carbon,carbon,0.028
B,organics,carbon,organics,0.012
B,water,ice,water,0.2
B,pyrrhotite,accessory,troilite,0.035
B,pentlandite,accessory,troilite,0.015
B,magnetite,accessory,magnetite,0.07
B,carbonates,accessory,carbonates,0.03
C,kamacite,metal,nickel-iron,0.0089
C,taenite,metal,nickel-iron,0.0011
C,olivine,silicate,olivine,0.0175
C,phyllosilicates,silicate,phyllosilicates,0.3325
C,carbon,carbon,carbon,0.028
C,organics,carbon,organics,0.012
C,water,ice,water,0.15
C,pyrrhotite,accessory,troilite,0.035
C,pentlandite,accessory,troilite,0.015
C,magnetite,accessory,magnetite,0.07
C,carbonates,accessory,carbonates,0.03
Cb,kamacite,metal,nickel-iron,0.0089
Cb,taenite,metal,nickel-iron,0.0011
Cb,olivine,silicate,olivine,0.016
Cb,phyllosilicates,silicate,phyllosilicates,0.304
Cb,carbon,carbon,carbon,0.028
Cb,organics,carbon,organics,0.012
Cb,water,ice,water,0.18
Cb,pyrrhotite,accessory,troilite,0.035
Cb,pentlandite,accessory,troilite,0.015
Cb,magnetite,accessory,magnetite,0.07
Cb,carbonates,accessory,carbonates,0.03
Cg,kamacite,metal,nickel-iron,0.0178
Cg,taenite,metal,nickel-iron,0.0022
Cg,olivine,silicate,olivine,0.038
Cg,pyroxene,silicate,pyroxene,0.019
Cg,phyllosilicates,silicate,phyllosilicates,0.323
Cg,carbon,carbon,carbon,0.028
Cg,organics,carbon,organics,0.012
Cg,water,ice,water,0.12
Cg,pyrrhotite,accessory,troilite,0.0195
Cg,pentlandite,accessory,troilite,0.0105
Cg,magnetite,accessory,magnetite,0.02
Cg,carbonates,accessory,carbonates,0.01
Cgh,kamacite,metal,nickel-iron,0.0267
Cgh,taenite,metal,nickel-iron,0.0033
Cgh,olivine,silicate,olivine,0.16
Cgh,pyroxene,silicate,pyroxene,0.04
Cgh,phyllosilicates,silicate,phyllosilicates,0.2
Cgh,carbon,carbon,carbon,0.028
Cgh,organics,carbon,organics,0.012
Cgh,water,ice,water,0.1
Cgh,pyrrhotite,accessory,troilite,0.01
Cgh,pentlandite,accessory,troilite,0.01
Cgh,magnetite,accessory,magnetite,0.05
Ch,kamacite,metal,nickel-iron,0.0178
Ch,taenite,metal,nickel-iron,0.0022
Ch,olivine,silicate,olivine,0.038
Ch,pyroxene,silicate,pyroxene,0.019
Ch,phyllosilicates,silicate,phyllosilicates,0.323
Ch,carbon,carbon,carbon,0.028
Ch,organics,carbon,organics,0.012
Ch,water,ice,water,0.1
Ch,pyrrhotite,accessory,troilite,0.0195
Ch,pentlandite,accessory,troilite,0.0105
Ch,magnetite,accessory,magnetite,0.02
Ch,carbonates,accessory,carbonates,0.01
S,kamacite,metal,nickel-iron,0.033
S,taenite,metal,nickel-iron,0.0228
S,tetrataenite,metal,nickel-iron,0.0042
S,olivine,silicate,olivine,0.435
S,orthopyroxene,silicate,orthopyroxene,0.18
S,pyroxene,silicate,pyroxene,0.045
S,plagioclase,silicate,plagioclase,0.09
S,carbon,carbon,carbon,0.01
S,troilite,accessory,troilite,0.055
S,chromite,accessory,chromite,0.005
S,merrillite,accessory,,0.004
S,chlorapatite,accessory,,0.002
Sa,kamacite,metal,nickel-iron,0.033
Sa,taenite,metal,nickel-iron,0.0228
Sa,tetrataenite,metal,nickel-iron,0.0042
Sa,olivine,silicate,olivine,0.6
Sa,orthopyroxene,silicate,orthopyroxene,0.096
Sa,pyroxene,silicate,pyroxene,0.024
Sa,plagioclase,silicate,plagioclase,0.08
Sa,carbon,carbon,carbon,0.01
Sa,troilite,accessory,troilite,0.055
Sa,chromite,accessory,chromite,0.005
Sa,merrillite,accessory,,0.004
Sa,chlorapatite,accessory,,0.002
Sk,kamacite,metal,nickel-iron,0.033
Sk,taenite,metal,nickel-iron,0.0228
Sk,tetrataenite,metal,nickel-iron,0.0042
Sk,olivine,silicate,olivine,0.4524
Sk,orthopyroxene,silicate,orthopyroxene,0.1872
Sk,pyroxene,silicate,pyroxene,0.0468
Sk,plagioclase,silicate,plagioclase,0.0936
Sk,carbon,carbon,carbon,0.02
Sk,troilite,accessory,troilite,0.055
Sk,magnetite,accessory,magnetite,0.02
Sk,chromite,accessory,chromite,0.005
Sk,merrillite,accessory,,0.004
Sk,chlorapatite,accessory,,0.002
Sl,kamacite,metal,nickel-iron,0.033
Sl,taenite,metal,nickel-iron,0.0228
Sl,tetrataenite,metal,nickel-iron,0.0042
Sl,olivine,silicate,olivine,0.4524
Sl,orthopyroxene,silicate,orthopyroxene,0.1872
Sl,pyroxene,silicate,pyroxene,0.0468
Sl,plagioclase,silicate,plagioclase,0.0936
Sl,carbon,carbon,carbon,0.01
Sl,troilite,accessory,troilite,0.055
Sl,chromite,accessory,chromite,0.005
Sl,spinel,accessory,spinel,0.03
Sl,merrillite,accessory,,0.004
Sl,chlorapatite,accessory,,0.002
Sq,kamacite,metal,nickel-iron,0.033
Sq,taenite,metal,nickel-iron,0.0228
Sq,tetrataenite,metal,nickel-iron,0.0042
Sq,olivine,silicate,olivine,0.4524
Sq,orthopyroxene,silicate,orthopyroxene,0.1872
Sq,pyroxene,silicate,pyroxene,0.0468
Sq,plagioclase,silicate,plagioclase,0.0936
Sq,carbon,carbon,carbon,0.01
Sq,troilite,accessory,troilite,0.055
Sq,chromite,accessory,chromite,0.005
Sq,merrillite,accessory,,0.004
Sq,chlorapatite,accessory,,0.002
Sr,kamacite,metal,nickel-iron,0.033
Sr,taenite,metal,nickel-iron,0.0228
Sr,tetrataenite,metal,nickel-iron,0.0042
Sr,olivine,silicate,olivine,0.369
Sr,orthopyroxene,silicate,orthopyroxene,0.287
Sr,pyroxene,silicate,pyroxene,0.0656
Sr,plagioclase,silicate,plagioclase,0.0984
Sr,carbon,carbon,carbon,0.01
Sr,troilite,accessory,troilite,0.055
Sr,chromite,accessory,chromite,0.005
Sr,merrillite,accessory,,0.004
Sr,chlorapatite,accessory,,0.002
Sv,kamacite,metal,nickel-iron,0.033
Sv,taenite,metal,nickel-iron,0.0228
Sv,tetrataenite,metal,nickel-iron,0.0042
Sv,olivine,silicate,olivine,0.255
Sv,orthopyroxene,silicate,orthopyroxene,0.255
Sv,pyroxene,silicate,pyroxene,0.17
Sv,plagioclase,silicate,plagioclase,0.17
Sv,carbon,carbon,carbon,0.01
Sv,troilite,accessory,troilite,0.055
Sv,chromite,accessory,chromite,0.005
Sv,merrillite,accessory,,0.004
Sv,chlorapatite,accessory,,0.002
X,kamacite,metal,nickel-iron,0.286991
X,taenite,metal,nickel-iron,0.035111
X,cohenite,metal,nickel-iron,0.003131
X,schreibersite,metal,schreibersite,0.004767
X,olivine,silicate,olivine,0.029313
X,enstatite,silicate,enstatite,0.246331
X,plagioclase,silicate,plagioclase,0.058117
X,silicates,silicate,silicates,0.106239
X,carbon,carbon,carbon,0.035993
X,organics,carbon,organics,0.044007
X,water,ice,water,0.0446
X,carbon dioxide,ice,carbon dioxide,0.0051
X,ammonia,ice,ammonia,0.0003
X,troilite,accessory,troilite,0.013038
X,pyrrhotite,accessory,troilite,0.005966
X,pentlandite,accessory,troilite,0.003213
X,oldhamite,accessory,troilite,0.000181
X,daubreelite,accessory,troilite,6e-05
X,magnetite,accessory,magnetite,0.015298
X,carbonates,accessory,carbonates,0.009179
Xc,kamacite,metal,nickel-iron,0.279213
Xc,taenite,metal,nickel-iron,0.03329
Xc,cohenite,metal,nickel-iron,0.002971
Xc,schreibersite,metal,schreibersite,0.004525
Xc,olivine,silicate,olivine,0.02891
Xc,enstatite,silicate,enstatite,0.289469
Xc,plagioclase,silicate,plagioclase,0.056746
Xc,silicates,silicate,silicates,0.094875
Xc,carbon,carbon,carbon,0.036617
Xc,organics,carbon,organics,0.043383
Xc,water,ice,water,0.03568
Xc,carbon dioxide,ice,carbon dioxide,0.00408
Xc,ammonia,ice,ammonia,0.00024
Xc,troilite,accessory,troilite,0.012751
Xc,pyrrhotite,accessory,troilite,0.005327
Xc,pentlandite,accessory,troilite,0.002869
Xc,oldhamite,accessory,troilite,0.000382
Xc,daubreelite,accessory,troilite,0.000127
Xc,magnetite,accessory,magnetite,0.01366
Xc,carbonates,accessory,carbonates,0.008196
Xe,kamacite,metal,nickel-iron,0.2425
Xe,schreibersite,metal,schreibersite,0.0075
Xe,enstatite,silicate,enstatite,0.585
Xe,plagioclase,silicate,plagioclase,0.065
Xe,carbon,carbon,carbon,0.01
Xe,troilite,accessory,troilite,0.05
Xe,niningerite,accessory,troilite,0.02
Xe,oldhamite,accessory,troilite,0.007
Xe,daubreelite,accessory,troilite,0.003
Xk,kamacite,metal,nickel-iron,0.39006
Xk,taenite,metal,nickel-iron,0.048757
Xk,cohenite,metal,nickel-iron,0.004432
Xk,schreibersite,metal,schreibersite,0.00675
Xk,olivine,silicate,olivine,0.045
Xk,enstatite,silicate,enstatite,0.315
Xk,plagioclase,silicate,plagioclase,0.09
Xk,carbon,carbon,carbon,0.01
Xk,troilite,accessory,troilite,0.02
A,kamacite,metal,nickel-iron,0.0445
A,taenite,metal,nickel-iron,0.0055
A,olivine,silicate,olivine,0.855
A,orthopyroxene,silicate,orthopyroxene,0.045
A,carbon,carbon,carbon,0.01
A,troilite,accessory,troilite,0.01
A,chromite,accessory,chromite,0.01
D,kamacite,metal,nickel-iron,0.0089
D,taenite,metal,nickel-iron,0.0011
D,silicates,silicate,silicates,0.25
D,carbon,carbon,carbon,0.12
D,organics,carbon,organics,0.18
D,water,ice,water,0.223
D,carbon dioxide,ice,carbon dioxide,0.0255
D,ammonia,ice,ammonia,0.0015
D,pyrrhotite,accessory,troilite,0.0195
D,pentlandite,accessory,troilite,0.0105
D,magnetite,accessory,magnetite,0.05
D,carbonates,accessory,carbonates,0.03
Z,kamacite,metal,nickel-iron,0.0089
Z,taenite,metal,nickel-iron,0.0011
Z,silicates,silicate,silicates,0.25
Z,carbon,carbon,carbon,0.12
Z,organics,carbon,organics,0.18
Z,water,ice,water,0.223
Z,carbon dioxide,ice,carbon dioxide,0.0255
Z,ammonia,ice,ammonia,0.0015
Z,pyrrhotite,accessory,troilite,0.0195
Z,pentlandite,accessory,troilite,0.0105
Z,magnetite,accessory,magnetite,0.05
Z,carbonates,accessory,carbonates,0.03
K,kamacite,metal,nickel-iron,0.032
K,taenite,metal,nickel-iron,0.048
K,olivine,silicate,olivine,0.54
K,pyroxene,silicate,pyroxene,0.144
K,plagioclase,silicate,plagioclase,0.036
K,carbon,carbon,carbon,0.056
K,organics,carbon,organics,0.024
K,pyrrhotite,accessory,troilite,0.01
K,pentlandite,accessory,troilite,0.01
K,magnetite,accessory,magnetite,0.03
K,perovskite,accessory,,0.002
K,spinel,accessory,spinel,0.03
K,hibonite,accessory,,0.003
L,kamacite,metal,nickel-iron,0.0445
L,taenite,metal,nickel-iron,0.0055
L,olivine,silicate,olivine,0.51
L,pyroxene,silicate,pyroxene,0.255
L,plagioclase,silicate,plagioclase,0.085
L,carbon,carbon,carbon,0.02
L,troilite,accessory,troilite,0.02
L,perovskite,accessory,,0.003
L,spinel,accessory,spinel,0.05
L,hibonite,accessory,,0.005
O,kamacite,metal,nickel-iron,0.0712
O,taenite,metal,nickel-iron,0.0088
O,olivine,silicate,olivine,0.425
O,orthopyroxene,silicate,orthopyroxene,0.425
O,carbon,carbon,carbon,0.01
O,troilite,accessory,troilite,0.02
Q,kamacite,metal,nickel-iron,0.033
Q,taenite,metal,nickel-iron,0.0228
Q,tetrataenite,metal,nickel-iron,0.0042
Q,olivine,silicate,olivine,0.4176
Q,orthopyroxene,silicate,orthopyroxene,0.1728
Q,pyroxene,silicate,pyroxene,0.0432
Q,plagioclase,silicate,plagioclase,0.0864
Q,carbon,carbon,carbon,0.02
Q,troilite,accessory,troilite,0.055
Q,chromite,accessory,chromite,0.005
Q,merrillite,accessory,,0.004
Q,chlorapatite,accessory,,0.002
R,kamacite,metal,nickel-iron,0.0445
R,taenite,metal,nickel-iron,0.0055
R,olivine,silicate,olivine,0.54
R,orthopyroxene,silicate,orthopyroxene,0.27
R,pyroxene,silicate,pyroxene,0.045
R,plagioclase,silicate,plagioclase,0.045
R,carbon,carbon,carbon,0.01
R,troilite,accessory,troilite,0.01
R,chromite,accessory,chromite,0.005
T,kamacite,metal,nickel-iron,0.0445
T,taenite,metal,nickel-iron,0.0055
T,silicates,silicate,silicates,0.4
T,carbon,carbon,carbon,0.1
T,organics,carbon,organics,0.15
T,water,ice,water,0.0892
T,carbon dioxide,ice,carbon dioxide,0.0102
T,ammonia,ice,ammonia,0.0006
T,troilite,accessory,troilite,0.08
T,magnetite,accessory,magnetite,0.03
V,kamacite,metal,nickel-iron,0.01
V,olivine,silicate,olivine,0.027
V,orthopyroxene,silicate,orthopyroxene,0.135
V,pyroxene,silicate,pyroxene,0.405
V,plagioclase,silicate,plagioclase,0.333
V,carbon,carbon,carbon,0.01
V,troilite,accessory,troilite,0.005
V,chromite,accessory,chromite,0.01
V,ilmenite,accessory,ilmenite,0.01
M,kamacite,metal,nickel-iron,0.4334
M,taenite,metal,nickel-iron,0.054175
M,cohenite,metal,nickel-iron,0.004925
M,schreibersite,metal,schreibersite,0.0075
M,olivine,silicate,olivine,0.045
M,enstatite,silicate,enstatite,0.315
M,plagioclase,silicate,plagioclase,0.09
M,carbon,carbon,carbon,0.01
M,troilite,accessory,troilite,0.02
E,kamacite,metal,nickel-iron,0.1
E,olivine,silicate,olivine,0.017
E,enstatite,silicate,enstatite,0.8075
E,plagioclase,silicate,plagioclase,0.0255
E,carbon,carbon,carbon,0.01
E,troilite,accessory,troilite,0.006
E,oldhamite,accessory,troilite,0.003
E,daubreelite,accessory,troilite,0.001
P,kamacite,metal,nickel-iron,0.0178
P,taenite,metal,nickel-iron,0.0022
P,silicates,silicate,silicates,0.35
P,carbon,carbon,carbon,0.1
P,organics,carbon,organics,0.15
P,water,ice,water,0.1338
P,carbon dioxide,ice,carbon dioxide,0.0153
P,ammonia,ice,ammonia,0.0009
P,pyrrhotite,accessory,troilite,0.0195
P,pentlandite,accessory,troilite,0.0105
P,magnetite,accessory,magnetite,0.05
P,carbonates,accessory,carbonates,0.03
F,kamacite,metal,nickel-iron,0.0089
F,taenite,metal,nickel-iron,0.0011
F,olivine,silicate,olivine,0.0175
F,phyllosilicates,silicate,phyllosilicates,0.3325
F,carbon,carbon,carbon,0.028
F,organics,carbon,organics,0.012
F,water,ice,water,0.15
F,pyrrhotite,accessory,troilite,0.035
F,pentlandite,accessory,troilite,0.015
F,magnetite,accessory,magnetite,0.07
F,carbonates,accessory,carbonates,0.03
G,kamacite,metal,nickel-iron,0.0178
G,taenite,metal,nickel-iron,0.0022
G,olivine,silicate,olivine,0.038
G,pyroxene,silicate,pyroxene,0.019
G,phyllosilicates,silicate,phyllosilicates,0.323
G,carbon,carbon,carbon,0.028
G,organics,carbon,organics,0.012
G,water,ice,water,0.12
G,pyrrhotite,accessory,troilite,0.0195
G,pentlandite,accessory,troilite,0.0105
G,magnetite,accessory,magnetite,0.02
G,carbonates,accessory,carbonates,0.01
