spectral_type,phase,group,fraction_of_body,share_of_group
B,nickel-iron,metal,0.01,1.0
B,olivine,silicate,0.015,0.05
B,phyllosilicates,silicate,0.285,0.95
B,carbon,carbon,0.028,0.7
B,organics,carbon,0.012,0.3
B,water,ice,0.2,1.0
B,troilite,accessory,0.05,
B,magnetite,accessory,0.07,
B,carbonates,accessory,0.03,
C,nickel-iron,metal,0.01,1.0
C,olivine,silicate,0.0175,0.05
C,phyllosilicates,silicate,0.3325,0.95
C,carbon,carbon,0.028,0.7
C,organics,carbon,0.012,0.3
C,water,ice,0.15,1.0
C,troilite,accessory,0.05,
C,magnetite,accessory,0.07,
C,carbonates,accessory,0.03,
Cb,nickel-iron,metal,0.01,1.0
Cb,olivine,silicate,0.016,0.05
Cb,phyllosilicates,silicate,0.304,0.95
Cb,carbon,carbon,0.028,0.7
Cb,organics,carbon,0.012,0.3
Cb,water,ice,0.18,1.0
Cb,troilite,accessory,0.05,
Cb,magnetite,accessory,0.07,
Cb,carbonates,accessory,0.03,
Cg,nickel-iron,metal,0.02,1.0
Cg,olivine,silicate,0.038,0.1
Cg,pyroxene,silicate,0.019,0.05
Cg,phyllosilicates,silicate,0.323,0.85
Cg,carbon,carbon,0.028,0.7
Cg,organics,carbon,0.012,0.3
Cg,water,ice,0.12,1.0
Cg,troilite,accessory,0.03,
Cg,magnetite,accessory,0.02,
Cg,carbonates,accessory,0.01,
Cgh,nickel-iron,metal,0.03,1.0
Cgh,olivine,silicate,0.16,0.4
Cgh,pyroxene,silicate,0.04,0.1
Cgh,phyllosilicates,silicate,0.2,0.5
Cgh,carbon,carbon,0.028,0.7
Cgh,organics,carbon,0.012,0.3
Cgh,water,ice,0.1,1.0
Cgh,troilite,accessory,0.02,
Cgh,magnetite,accessory,0.05,
Ch,nickel-iron,metal,0.02,1.0
Ch,olivine,silicate,0.038,0.1
Ch,pyroxene,silicate,0.019,0.05
Ch,phyllosilicates,silicate,0.323,0.85
Ch,carbon,carbon,0.028,0.7
Ch,organics,carbon,0.012,0.3
Ch,water,ice,0.1,1.0
Ch,troilite,accessory,0.03,
Ch,magnetite,accessory,0.02,
Ch,carbonates,accessory,0.01,
S,nickel-iron,metal,0.06,1.0
S,olivine,silicate,0.435,0.58
S,orthopyroxene,silicate,0.18,0.24
S,pyroxene,silicate,0.045,0.06
S,plagioclase,silicate,0.09,0.12
S,carbon,carbon,0.01,1.0
S,troilite,accessory,0.055,
S,chromite,accessory,0.005,
Sa,nickel-iron,metal,0.06,1.0
Sa,olivine,silicate,0.6,0.75
Sa,orthopyroxene,silicate,0.096,0.12
Sa,pyroxene,silicate,0.024,0.03
Sa,plagioclase,silicate,0.08,0.1
Sa,carbon,carbon,0.01,1.0
Sa,troilite,accessory,0.055,
Sa,chromite,accessory,0.005,
Sk,nickel-iron,metal,0.06,1.0
Sk,olivine,silicate,0.4524,0.58
Sk,orthopyroxene,silicate,0.1872,0.24
Sk,pyroxene,silicate,0.0468,0.06
Sk,plagioclase,silicate,0.0936,0.12
Sk,carbon,carbon,0.02,1.0
Sk,troilite,accessory,0.055,
Sk,magnetite,accessory,0.02,
Sk,chromite,accessory,0.005,
Sl,nickel-iron,metal,0.06,1.0
Sl,olivine,silicate,0.4524,0.58
Sl,orthopyroxene,silicate,0.1872,0.24
Sl,pyroxene,silicate,0.0468,0.06
Sl,plagioclase,silicate,0.0936,0.12
Sl,carbon,carbon,0.01,1.0
Sl,troilite,accessory,0.055,
Sl,chromite,accessory,0.005,
Sl,spinel,accessory,0.03,
Sq,nickel-iron,metal,0.06,1.0
Sq,olivine,silicate,0.4524,0.58
Sq,orthopyroxene,silicate,0.1872,0.24
Sq,pyroxene,silicate,0.0468,0.06
Sq,plagioclase,silicate,0.0936,0.12
Sq,carbon,carbon,0.01,1.0
Sq,troilite,accessory,0.055,
Sq,chromite,accessory,0.005,
Sr,nickel-iron,metal,0.06,1.0
Sr,olivine,silicate,0.369,0.45
Sr,orthopyroxene,silicate,0.287,0.35
Sr,pyroxene,silicate,0.0656,0.08
Sr,plagioclase,silicate,0.0984,0.12
Sr,carbon,carbon,0.01,1.0
Sr,troilite,accessory,0.055,
Sr,chromite,accessory,0.005,
Sv,nickel-iron,metal,0.06,1.0
Sv,olivine,silicate,0.255,0.3
Sv,orthopyroxene,silicate,0.255,0.3
Sv,pyroxene,silicate,0.17,0.2
Sv,plagioclase,silicate,0.17,0.2
Sv,carbon,carbon,0.01,1.0
Sv,troilite,accessory,0.055,
Sv,chromite,accessory,0.005,
X,nickel-iron,metal,0.325233,0.985554
X,schreibersite,metal,0.004767,0.014446
X,olivine,silicate,0.029313,0.06662
X,enstatite,silicate,0.246331,0.559843
X,plagioclase,silicate,0.058117,0.132085
X,silicates,silicate,0.106239,0.241453
X,carbon,carbon,0.035993,0.449914
X,organics,carbon,0.044007,0.550086
X,water,ice,0.0446,0.892
X,carbon dioxide,ice,0.0051,0.102
X,ammonia,ice,0.0003,0.006
X,troilite,accessory,0.022457,
X,magnetite,accessory,0.015298,
X,carbonates,accessory,0.009179,
Xc,nickel-iron,metal,0.315475,0.985859
Xc,schreibersite,metal,0.004525,0.014141
Xc,olivine,silicate,0.02891,0.061512
Xc,enstatite,silicate,0.289469,0.615891
Xc,plagioclase,silicate,0.056746,0.120735
Xc,silicates,silicate,0.094875,0.201862
Xc,carbon,carbon,0.036617,0.457709
Xc,organics,carbon,0.043383,0.542291
Xc,water,ice,0.03568,0.892
Xc,carbon dioxide,ice,0.00408,0.102
Xc,ammonia,ice,0.00024,0.006
Xc,troilite,accessory,0.021457,
Xc,magnetite,accessory,0.01366,
Xc,carbonates,accessory,0.008196,
Xe,nickel-iron,metal,0.2425,0.97
Xe,schreibersite,metal,0.0075,0.03
Xe,enstatite,silicate,0.585,0.9
Xe,plagioclase,silicate,0.065,0.1
Xe,carbon,carbon,0.01,1.0
Xe,troilite,accessory,0.08,
Xk,nickel-iron,metal,0.44325,0.985
Xk,schreibersite,metal,0.00675,0.015
Xk,olivine,silicate,0.045,0.1
Xk,enstatite,silicate,0.315,0.7
Xk,plagioclase,silicate,0.09,0.2
Xk,carbon,carbon,0.01,1.0
Xk,troilite,accessory,0.02,
A,nickel-iron,metal,0.05,1.0
A,olivine,silicate,0.855,0.95
A,orthopyroxene,silicate,0.045,0.05
A,carbon,carbon,0.01,1.0
A,troilite,accessory,0.01,
A,chromite,accessory,0.01,
D,nickel-iron,metal,0.01,1.0
D,silicates,silicate,0.25,1.0
D,carbon,carbon,0.12,0.4
D,organics,carbon,0.18,0.6
D,water,ice,0.223,0.892
D,carbon dioxide,ice,0.0255,0.102
D,ammonia,ice,0.0015,0.006
D,troilite,accessory,0.03,
D,magnetite,accessory,0.05,
D,carbonates,accessory,0.03,
Z,nickel-iron,metal,0.01,1.0
Z,silicates,silicate,0.25,1.0
Z,carbon,carbon,0.12,0.4
Z,organics,carbon,0.18,0.6
Z,water,ice,0.223,0.892
Z,carbon dioxide,ice,0.0255,0.102
Z,ammonia,ice,0.0015,0.006
Z,troilite,accessory,0.03,
Z,magnetite,accessory,0.05,
Z,carbonates,accessory,0.03,
K,nickel-iron,metal,0.08,1.0
K,olivine,silicate,0.54,0.75
K,pyroxene,silicate,0.144,0.2
K,plagioclase,silicate,0.036,0.05
K,carbon,carbon,0.056,0.7
K,organics,carbon,0.024,0.3
K,troilite,accessory,0.02,
K,magnetite,accessory,0.03,
K,spinel,accessory,0.03,
L,nickel-iron,metal,0.05,1.0
L,olivine,silicate,0.51,0.6
L,pyroxene,silicate,0.255,0.3
L,plagioclase,silicate,0.085,0.1
L,carbon,carbon,0.02,1.0
L,troilite,accessory,0.02,
L,spinel,accessory,0.05,
O,nickel-iron,metal,0.08,1.0
O,olivine,silicate,0.425,0.5
O,orthopyroxene,silicate,0.425,0.5
O,carbon,carbon,0.01,1.0
O,troilite,accessory,0.02,
Q,nickel-iron,metal,0.06,1.0
Q,olivine,silicate,0.4176,0.58
Q,orthopyroxene,silicate,0.1728,0.24
Q,pyroxene,silicate,0.0432,0.06
Q,plagioclase,silicate,0.0864,0.12
Q,carbon,carbon,0.02,1.0
Q,troilite,accessory,0.055,
Q,chromite,accessory,0.005,
R,nickel-iron,metal,0.05,1.0
R,olivine,silicate,0.54,0.6
R,orthopyroxene,silicate,0.27,0.3
R,pyroxene,silicate,0.045,0.05
R,plagioclase,silicate,0.045,0.05
R,carbon,carbon,0.01,1.0
R,troilite,accessory,0.01,
R,chromite,accessory,0.005,
T,nickel-iron,metal,0.05,1.0
T,silicates,silicate,0.4,1.0
T,carbon,carbon,0.1,0.4
T,organics,carbon,0.15,0.6
T,water,ice,0.0892,0.892
T,carbon dioxide,ice,0.0102,0.102
T,ammonia,ice,0.0006,0.006
T,troilite,accessory,0.08,
T,magnetite,accessory,0.03,
V,nickel-iron,metal,0.01,1.0
V,olivine,silicate,0.027,0.03
V,orthopyroxene,silicate,0.135,0.15
V,pyroxene,silicate,0.405,0.45
V,plagioclase,silicate,0.333,0.37
V,carbon,carbon,0.01,1.0
V,troilite,accessory,0.005,
V,chromite,accessory,0.01,
V,ilmenite,accessory,0.01,
M,nickel-iron,metal,0.4925,0.985
M,schreibersite,metal,0.0075,0.015
M,olivine,silicate,0.045,0.1
M,enstatite,silicate,0.315,0.7
M,plagioclase,silicate,0.09,0.2
M,carbon,carbon,0.01,1.0
M,troilite,accessory,0.02,
E,nickel-iron,metal,0.1,1.0
E,olivine,silicate,0.017,0.02
E,enstatite,silicate,0.8075,0.95
E,plagioclase,silicate,0.0255,0.03
E,carbon,carbon,0.01,1.0
E,troilite,accessory,0.01,
P,nickel-iron,metal,0.02,1.0
P,silicates,silicate,0.35,1.0
P,carbon,carbon,0.1,0.4
P,organics,carbon,0.15,0.6
P,water,ice,0.1338,0.892
P,carbon dioxide,ice,0.0153,0.102
P,ammonia,ice,0.0009,0.006
P,troilite,accessory,0.03,
P,magnetite,accessory,0.05,
P,carbonates,accessory,0.03,
F,nickel-iron,metal,0.01,1.0
F,olivine,silicate,0.0175,0.05
F,phyllosilicates,silicate,0.3325,0.95
F,carbon,carbon,0.028,0.7
F,organics,carbon,0.012,0.3
F,water,ice,0.15,1.0
F,troilite,accessory,0.05,
F,magnetite,accessory,0.07,
F,carbonates,accessory,0.03,
G,nickel-iron,metal,0.02,1.0
G,olivine,silicate,0.038,0.1
G,pyroxene,silicate,0.019,0.05
G,phyllosilicates,silicate,0.323,0.85
G,carbon,carbon,0.028,0.7
G,organics,carbon,0.012,0.3
G,water,ice,0.12,1.0
G,troilite,accessory,0.03,
G,magnetite,accessory,0.02,
G,carbonates,accessory,0.01,
